,0
00,0.00015451046
000,0.0010769898
10,0.0009050651
10 minutes,0.0
10 years,0.0
100,0.0
11,0.0019280795
12,7.347007e-05
13,0.0
14,0.0
15,0.0011514401
15 minutes,0.0
16,0.00081655564
17,0.0005933184
18,8.2219165e-05
19,0.0002485532
20,0.00017031745
20 minutes,0.0
20 years,0.00012798668
200,0.0
21,0.0008877978
22,0.00010724773
23,0.0
24,0.0
24 hours,0.00019813815
25,0.00013391474
30,0.00078606047
300,0.0
35,0.0
40,0.00034172094
400,0.0
45,0.0
50,4.4219112e-05
500,0.0
60,9.627712e-05
80,0.0
90,0.0
aah,0.0
abandoned,0.0004426066
able,0.0001597202
about,0.000112043286
about it,0.00010728014
absolutely,0.00013424177
accept,0.0003649003
accepted,0.0
access,0.0
accident,8.5727006e-05
according,0.0
account,0.00055657193
act,0.0010258069
act like,0.0
acting,0.0010561586
action,0.00035047106
actual,0.0
actually,0.0006186227
add,0.0
address,0.0004976691
admit,0.0
advance,0.00021707072
advantage,0.0
advice,0.0
afford,0.0
afraid,0.0003580081
after,0.000242788
afternoon,4.9780443e-05
again don,0.0
again it,0.0
again you,0.0
age,0.0006723741
agent,0.00039494838
ago,0.00039243148
agree,0.00034566168
agreed,0.00024849313
ah,0.00024377897
ahead,0.00055041263
ahh,0.0
ain,0.000115020965
ain gonna,0.00015239231
ain got,0.0
air,0.0016338318
airport,0.0
alarm,0.0
alive,0.0038986458
all,0.00036718935
all right,0.0
allow,0.0
allowed,0.00012540618
alone,5.7354642e-05
along,0.0003319734
already,5.5690263e-05
alright,0.0
also,0.00017714674
always,0.0
am,0.00025575722
amazing,0.00086237956
ambulance,0.0
amen,0.001195421
america,0.0012756414
american,0.0001533797
americans,0.0
an,0.0
ancient,0.00020257464
and,4.6239642e-05
and know,0.0
and uh,0.0
and you,0.0
angel,0.0
anger,0.0
angry,0.0
animal,0.0006665179
animals,0.00063360727
another,0.0
answer,0.00022553468
answers,0.0
any,0.00035020857
anybody,0.0
anymore,0.000424538
anyone,0.00021032189
anything,0.00020985233
anytime,0.0007147752
anyway,0.00033651225
anywhere,0.00034637813
apart,0.0004397191
apartment,0.0004323509
apologize,0.0
apparently,0.0
appear,0.0
appears,0.00026176224
apple,0.0
appointment,0.0
appreciate,0.000607471
appreciate it,0.0
approach,0.0004930238
approaching,0.0
are,0.00026566142
are you,0.00052160566
area,0.0
aren,0.0003237076
aren you,0.0
argue,0.0
arm,0.0
armed,0.0
arms,0.0
army,0.00083611713
around,0.0007481434
arrest,0.0
arrested,0.0
arrive,0.0019020403
arrived,0.0
art,0.00020716537
artist,0.0
as,0.0001025111
ashamed,0.0008521669
aside,0.0
ask,0.00019575373
ask me,0.00030344317
ask question,0.00030791937
ask questions,0.0
ask something,0.0
ask you,0.0
asked,0.0005576684
asking,0.00027914302
asks,0.0
asleep,0.00012241151
ass,0.0005539155
asshole,0.0
assholes,0.0
assistant,0.00055157754
assume,0.00021212664
assure,0.0
at,6.0574308e-05
ate,4.0075334e-05
attack,0.0004488221
attacked,0.0
attempt,0.0
attention,0.00020709257
attitude,0.0
attorney,0.0
attractive,0.0
audience,0.0
aunt,0.0
authority,0.0
available,0.0005662556
avoid,0.0
aw,0.0
awake,0.0
aware,0.0
away it,0.0
away me,0.0
away you,0.0
awesome,9.138589e-05
awful,0.00095300085
babe,0.0
babies,0.0
baby,0.0003732467
baby it,0.0
back don,0.0
back it,0.0
back no,0.0
back okay,0.0006099899
back you,0.0
background,0.0
backup,0.00019064813
bad,0.0
bad it,0.0
bad news,0.0
badly,0.0
bag,0.00013400897
bags,0.0
balance,0.0
ball,0.00021229078
balls,0.0007595742
band,0.0
bang,0.0
bank,0.0
bar,0.00017400178
barely,0.0
bars,0.00020762197
base,0.0
based,0.0007672982
basement,0.0
basically,8.545784e-05
bastard,0.0
bastards,0.0
bat,0.0
bath,0.00027155902
bathroom,0.0002710161
battle,0.0
be,0.00027059132
beach,0.0014835161
bear,0.0
beat,0.00031620284
beating,0.0
beautiful,0.00021916117
beauty,0.0
because,0.00020851716
bed,0.00062504265
bedroom,0.0
been,0.00017346158
beer,9.335499e-05
before,0.0002402259
beg,0.0
began,0.0
begging,0.0
begin,0.00047506104
beginning,0.00027194098
begins,0.0
behave,0.0
behavior,0.00027064604
behind,0.002408738
being,0.0
believe,0.0003458283
believe it,0.0001926478
believe me,0.00071566796
believe that,0.0
believe this,0.00023464297
believe you,0.00030030758
believed,3.244103e-05
believes,0.0017075769
bell,0.0008346298
belong,0.00013321641
belongs,0.0
belt,0.0
besides,0.00022614344
best,0.0003245438
best friend,0.00037096924
best thing,0.0
bet,0.00029065652
better that,0.0
better you,0.0
bible,0.00017863502
big,0.00050014706
big deal,0.0
bigger,0.0
biggest,0.00028825033
bike,0.0
bill,0.0
bills,0.0
billy,0.0
bird,0.0
birds,0.00035133678
birth,0.0
birthday,0.0009891567
bit,0.00058578036
bitch,0.0
bite,0.0
black,7.118109e-05
blame,0.0
bleeding,0.0
bless,0.0
blew,0.0
blind,0.0009444316
block,0.00027873664
blocks,0.0
blood,0.0006330976
bloody,0.0
blow,0.0
blowing,0.0
blown,0.0
blows,0.0
blue,0.00025063264
board,0.00024737127
boat,0.0
bob,0.00017271885
bodies,0.0
body,0.0006851595
bomb,0.0
bone,0.00017423494
bones,0.0
book,0.00029613907
books,0.00027879953
boom,0.0
boots,0.0
bored,0.0
boring,0.0
born,0.00017557536
borrow,0.0015761357
boss,0.00032017071
both,0.0
bother,0.0
bottle,0.0
bottom,0.0
bought,0.00011220378
bound,0.0
bout,0.00029471447
bow,0.0
bowl,0.0
box,7.2175506e-05
boxes,0.0
boy,0.0005522127
boyfriend,0.00031492242
boys,0.00041345763
brain,0.00010128095
brains,0.0
brand,0.00033606027
brave,0.0
bread,8.114554e-05
break,0.00069623516
breakfast,0.0002889809
breaking,0.00011589254
breaks,0.0
breath,0.0004661864
breathe,0.0023035882
breathing,5.550952e-05
bridge,0.0
bright,0.00015118645
brilliant,0.0012630757
bring,0.0002117404
bringing,0.0
brings,0.00029689417
bro,0.0
broke,4.458531e-05
broken,0.0
brother,5.4135453e-05
brothers,0.0
brought,0.0008418957
brown,0.00011271888
bucks,0.0
buddy,0.0008186644
build,0.0007967457
building,4.4790035e-05
built,0.00019534626
bull,0.0
bullet,0.0
bullshit,0.0
bunch,0.00082968356
buried,0.00010436082
burn,0.00018755233
burned,0.0
burning,0.0
bury,0.0
bus,0.00017141426
business,0.0011187732
bust,0.0
busted,0.0
busy,0.0001488452
but,0.00057812757
but don,0.0008149241
but know,0.0010048101
but uh,0.0
butt,0.00041538753
butter,0.00010977165
button,0.0
buy,0.00020142157
buying,0.00030639276
by,0.0003276291
bye,0.00048772254
bye bye,0.00027325712
cab,0.0005293833
cake,0.0
california,0.0
call,0.00031936975
called,0.0003375508
calling,0.0007565426
calls,0.00024391782
calm,2.2621003e-05
calm down,0.0005529741
came,0.00011232883
came here,0.0
camera,1.1120264e-05
cameras,0.0
camp,0.0
can afford,0.0
can believe,0.00014622856
can can,0.000556891
can come,0.0
can find,8.687752e-05
can hear,0.0019185649
can help,0.00067732955
can it,0.00037079735
can leave,0.0
can let,0.00012724477
can remember,0.0
can stand,0.0010004048
can stay,0.0
can stop,0.0
can talk,0.00011333196
can tell,0.0006874001
can that,0.0
can this,0.00027800418
can wait,0.0
can you,0.0
cancer,0.0
candy,0.0
capable,0.00012923351
captain,0.0
car,0.00021517959
card,0.0004596058
cards,8.778668e-05
care,0.00016699838
care it,0.00074519415
care you,0.00019126372
career,0.0001369227
careful,0.0005757116
carefully,0.0
cares,0.0
carried,0.0
carry,0.0008827178
carrying,0.0
cars,3.9448765e-05
case,0.00017168421
cases,0.00074394065
cash,0.00010683212
cast,0.0
cat,0.0032454103
catch,0.00020622418
caught,0.0004476027
cause,4.118292e-05
cause you,6.178336e-05
caused,0.0
celebrate,0.0
cell,0.00022961995
cell phone,0.0
center,0.00043339242
central,0.0
century,0.0
certain,0.00029516933
certainly,0.00015606418
chain,0.0
chair,0.00020205004
challenge,0.0
champagne,0.0
chance,0.00010836139
chances,0.0
change,0.00030727923
changed,0.0007275318
changes,0.0
changing,0.00016511334
channel,0.0
character,0.00014452028
charge,0.00019390315
charges,0.0
charles,0.0
charlie,0.0
charming,0.0
chase,0.0
chasing,0.0
chat,0.0
cheap,0.0
check,0.00050264446
check out,0.001042231
checked,0.0002141222
checking,0.0
cheer,0.00051874295
cheering,0.0
cheers,7.501995e-05
cheese,0.0001244686
chest,0.00025728703
chick,0.002019435
chicken,0.0005486199
chief,0.0
child,0.00055747735
childhood,0.0
children,8.217152e-05
chill,0.0
china,0.0
chinese,0.0
chocolate,0.0
choice,0.0017658151
choose,7.263434e-05
chose,0.0
chosen,0.0
christ,0.0003569511
christmas,0.0
chuckles,0.0
church,7.855651e-05
cigarette,0.000117149815
circle,0.0
circumstances,0.0
city,0.00022770629
claim,0.0
class,0.0
classic,0.000565554
clean,0.00046361148
cleaned,0.0003062274
cleaning,0.0
clear,0.00014134051
clearly,0.0
clears,0.0
clever,0.0
client,0.0
climb,0.0
clock,0.0
close,0.00034962824
close eyes,0.0
closed,0.0
closer,5.166184e-05
closes,0.0
closet,0.0019799874
closing,0.0
clothes,0.0
club,3.4656266e-06
clue,0.0013676991
coast,0.0
coat,0.0031841558
code,0.0
coffee,0.0005241014
coincidence,0.0
cold,0.0007861562
collect,7.6127064e-05
college,0.0006014849
color,0.0
come back,0.00041451064
come come,0.0
come from,0.0002474058
come here,0.00027716512
come home,0.00031793668
come in,0.00031469858
come it,0.0
come me,0.0
come now,0.00091218774
come on,0.0017168624
come out,0.00022019545
come right,0.0
come us,0.0005784465
come you,0.0
comes,0.0003539939
comfort,0.0009852808
comfortable,0.0003931388
comin,0.0
coming,6.9455666e-05
coming back,0.0004802232
coming home,0.0010046026
coming in,0.00095024146
coming up,5.971353e-05
coming you,0.0010437706
command,0.0
commit,0.0
committed,0.0
common,0.0
community,0.00021970842
company,0.00037378864
complete,0.0004453752
completely,0.0
complicated,0.00011065515
computer,0.0005572868
concern,8.172381e-05
concerned,0.0005891407
condition,0.0
conference,0.0
confidence,0.0
confused,0.0
congratulations,0.00034106208
connected,0.0
connection,0.0
consider,0.0
considered,0.0
considering,0.0
contact,0.0
continue,0.00027510425
continues,0.0
contract,0.0
control,0.00018270242
conversation,5.6568457e-05
convince,0.0
convinced,0.0
cook,0.0005285192
cooking,0.0
cool,0.000101029866
cop,7.211645e-05
cops,0.0
copy,0.0
corner,0.0005826072
correct,0.0
cost,0.00020382651
costs,0.0
couch,0.0
could,5.7851226e-05
could ve,0.0
couldn,0.0017259805
count,0.0005314263
counting,0.0
country,0.0007454399
county,0.0018915838
couple,0.0006641427
couple days,0.0
courage,0.0
course,0.0006954286
course it,7.439867e-05
course not,0.0005067197
court,0.0
cousin,0.0
cover,0.00024921246
covered,0.0
cow,0.0
crack,0.000979024
crap,9.746409e-05
crash,0.0
crazy,0.00015590196
cream,0.0
create,0.00028161812
created,0.0
creature,0.00012206144
credit,0.0
crew,0.0
crime,0.0004118705
criminal,0.0
cross,0.00018460723
crossed,0.0
crowd,0.0
cruel,0.0
crush,0.00024955257
cry,0.00069075194
crying,0.00028844128
cup,0.0
curious,0.0
current,0.0
customers,0.0003239633
cut,0.00032420745
cute,0.0
cutting,0.0
da,0.0
dad,0.00021370003
daddy,0.0010397688
daily,0.0
damage,0.00010026673
damn,6.114013e-05
damn it,9.193753e-05
dance,7.754375e-05
dancing,0.0002788402
danger,0.00023686369
dangerous,0.00071610184
dare,0.0
dark,0.0
darkness,0.0
darling,0.0
date,0.00039902068
dating,0.0
daughter,0.00019751214
david,0.00020006413
dawn,0.0
day it,0.0
day you,0.0
days,0.00018135778
days ago,0.00028756706
de,0.0
dead,0.00038407888
deal,0.00030276977
dealing,0.00013919004
dear,0.00026091057
death,0.0003536666
decent,0.0
decide,0.0010747068
decided,0.0
decision,0.00018523674
deep,0.0006434275
deeply,0.0
defend,0.0007653271
defense,0.0
definitely,0.00034635956
degree,0.0006915197
degrees,0.0
delicious,0.0
deliver,0.0
demand,0.0
deny,0.0
department,0.00016622223
depends,0.0
describe,0.0
desert,0.0
deserve,0.0
desire,0.0
desk,0.0
desperate,0.0
destroy,0.0001599382
destroyed,0.0
detail,0.0
details,0.0
detective,0.0
devil,0.00028064157
dick,0.000473761
did,0.000235887
didn anything,0.0
didn ask,0.00036025172
didn come,0.0
didn hear,0.0
didn it,0.000113994625
didn know,0.0002661345
didn like,0.0
didn mean,8.620022e-05
didn tell,0.0003506019
didn that,0.0
didn think,0.0002751726
didn want,0.000506419
didn work,0.0
didn you,0.00071763754
die,0.0009584122
died,0.00028455196
dies,0.0
difference,0.0016057028
different,7.5051335e-05
difficult,0.0
dig,0.0
dinner,0.0005271864
direct,0.00019483348
direction,0.0
directly,0.00011868736
director,0.0
dirt,0.0
dirty,7.3552015e-05
disappear,0.001639027
disappeared,0.0
disappointed,0.0
disaster,0.0
discovered,0.0
discuss,6.0250517e-05
disease,0.0
disgusting,0.001046923
distance,7.9401776e-05
divorce,0.0
do do,0.0
do don,0.00013386107
do it,0.0
do know,0.001088486
do want,0.0
do well,0.0
do you,0.0
doc,0.0
doctor,0.00040815782
doctors,0.0
does,6.883581e-05
doesn,0.00052690203
doesn it,0.0
doesn know,0.00039334517
doesn like,0.0
doesn look,0.0
doesn matter,0.0002054101
doesn mean,0.0
doesn want,0.0
doesn work,0.0
dog,0.0
dogs,0.0
doin,0.0
doing,0.0010843667
dollar,0.0009746459
dollars,6.570351e-05
don anything,0.0
don ask,0.0
don believe,0.00023090918
don care,0.00013719605
don come,0.0
don don,0.0004578475
don feel,0.00017002899
don forget,0.0005227441
don fuck,0.0
don fucking,0.0
don go,0.0
don it,0.0
don leave,0.0011887567
don let,0.00042892166
don like,0.0009372669
don listen,0.0
don look,0.0
don love,0.0
don me,0.0
don mean,0.00021827978
don mind,0.0
don move,0.0
don need,0.00015345238
don play,0.0
don remember,0.0
don shit,0.0
don start,0.0
don stop,0.0
don talk,0.0015339564
don tell,0.00089408125
don that,0.0
don think,0.0011241244
don this,0.0
don time,0.00044030682
don touch,0.0
don trust,0.0
don try,0.0
don understand,0.00026914454
don wanna,0.0002831573
don want,0.00030278068
don work,0.0006919985
don worry,0.0004056975
don you,0.0
done,0.00037956017
door,0.0006541119
door open,0.0
doors,0.00032556584
double,0.0010953826
doubt,7.517489e-05
down don,0.0
down it,0.0
down you,0.0
downstairs,0.0007803056
downtown,0.0
dozen,0.0
dr,0.0005302605
drag,0.00013788049
draw,0.00021528285
dream,0.00012608919
dreaming,4.500756e-05
dreams,0.00035151793
dress,0.00016295485
dressed,0.0
drink,0.00023562653
drinking,0.00017236029
drinks,0.0
drive,5.214473e-05
driver,0.00038121548
driving,0.0
drop,8.1614235e-05
dropped,0.00017407635
drove,6.301923e-05
drug,0.00050765346
drugs,0.0
drunk,0.00013627451
dry,0.0
duck,0.0007831986
dude,0.0013158655
dumb,3.8042406e-05
dump,0.0
dust,0.0009720479
duty,0.0
dying,0.0004480133
ear,0.0
earlier,0.0001914167
early,0.00055439887
earn,0.00080424
ears,0.00016907652
earth,4.4419463e-05
ease,0.0
easier,0.0
easily,0.0
east,0.0
easy,0.00010849238
eat,0.00065247895
eaten,0.0
eating,0.00047760663
edge,0.0
education,0.0
effect,0.0
effort,0.0018511397
egg,0.0013797196
eggs,0.0
eh,0.00034408015
eight,7.2887764e-05
either,0.0
elevator,0.0
else,0.0003863987
em,0.00059768255
embarrassed,0.0009108592
embarrassing,0.0
emergency,0.00049491966
emotional,0.0
empty,0.0
end,9.825694e-05
ended,0.00077843986
ending,0.00035388264
ends,0.000259264
enemies,0.0
enemy,0.0
energy,0.0
engaged,0.0
engine,0.0
england,0.0
english,9.65657e-05
enjoy,0.0004469792
enjoyed,0.00021830948
enjoying,0.0
enough,0.000118468895
enter,0.0
entire,0.0006399243
entirely,0.0
equipment,0.0
escape,0.00041880197
especially,0.00011958703
estate,0.0
europe,0.0
even,0.0
evening,0.000302901
event,0.0
events,0.00024404698
eventually,6.0542803e-05
ever,0.0
everybody,9.050762e-05
everyone,6.914712e-05
everything,0.00081078196
everywhere,0.0
evidence,0.00039357904
evil,0.00072430086
ex,0.0
exact,0.0
exactly,0.00031402663
example,0.0002296051
excellent,0.0
exchange,0.00057221774
excited,0.0
exciting,0.0
excuse,0.0005511601
excuse me,0.00046138937
exist,0.0
expect,0.0003315176
expected,0.0005944642
expecting,0.0
expensive,0.00074703904
experience,0.0
expert,0.00043895288
explain,0.0001430264
express,0.0
extra,0.0
extremely,0.0
eye,0.00012618356
eyes,0.000447009
face,0.00035428428
face it,0.0
faces,8.497105e-05
fact,0.0005956503
facts,0.00019243198
fail,0.0
failed,0.0
failure,0.0
fair,0.00080165477
faith,0.00018399414
fake,0.00046586548
fall,0.00026380052
fallen,0.0
falling,0.0010805012
falls,0.0
false,0.0
familiar,0.0012504334
families,0.0
family,0.0001461477
famous,0.000119744655
fan,4.3276956e-05
fancy,0.0
fantastic,0.0
far,0.0003931268
far away,0.0
farm,0.0
fast,4.101631e-05
faster,0.00025464338
fat,0.00040303514
fate,0.0002699141
father,0.00011455681
fault,9.5739284e-05
favor,0.0004603068
favorite,0.0012371383
fear,0.00093484356
fed,0.0
federal,0.0
feed,0.00013789903
feel,0.00064730877
feel better,0.0
feel good,0.0
feel it,0.0
feel like,0.000102583355
feeling,8.680312e-05
feelings,0.0
feels,0.0
feels like,0.000105129024
feet,3.678688e-05
fell,0.0008782164
fella,8.911072e-05
fellas,0.0
fellow,0.0
felt,0.0006716346
felt like,0.0
female,0.0
field,0.0
fifth,0.0010971801
fight,0.00013299579
fighting,0.0
figure,0.0
figure out,0.0
figured,0.0
file,0.0008895263
fill,0.0003413384
filled,0.0
film,0.00023685068
filthy,0.0
final,0.0
finally,0.00030922427
find her,0.0
find him,0.0
find it,0.0
find me,0.00018891909
find out,0.00023054416
find way,0.0
find you,0.00028604106
finding,0.00040207236
finds,0.0
fine,0.00012336421
fine fine,0.0
fine it,0.0
fine you,0.0
finger,0.0
fingers,0.0
finish,6.886184e-05
finished,0.00015917438
fire,0.0015587566
fired,0.0
firm,0.0
first,0.000771817
fish,0.0
fishing,0.0
fit,0.00052350125
five,0.00010590333
fix,0.0
fix it,0.0
fixed,0.0
flat,0.0
flesh,0.0
flew,0.0
flies,0.0
flight,0.00039562103
floor,0.00010540425
flowers,0.00022433964
fly,0.00064333074
flying,0.00032100274
focus,0.0
folks,5.5553555e-05
follow,0.000102301994
follow me,0.00034488976
followed,0.0
following,0.00016023629
food,0.00029525478
fool,0.00057800626
foot,6.548275e-05
football,0.0
for,0.00081508164
force,0.0
forced,0.0
forces,0.0
foreign,0.0
forest,0.0
forever,0.00029169465
forget,0.00016733729
forget it,0.000823741
forgive,0.0
forgive me,0.0
forgot,0.00039158572
forgotten,0.0015171338
form,0.000115061695
forth,0.0
fortune,0.0
forward,0.0002470349
fought,0.0
found,0.0004063415
found it,0.0
four,4.403137e-05
fourth,0.00069816865
france,0.0
frank,0.0007820732
frankly,0.0
freak,0.00057383033
freaking,0.0
free,0.00035029792
freedom,0.0
freeze,0.0
french,0.00022893619
fresh,0.0
friday,0.00026728003
friend,0.00034776024
friendly,0.0009218041
friends,2.6032107e-05
frightened,0.00058264215
from,0.00028310294
front,0.000248915
fruit,0.0
fuck,0.00046108296
fuck fuck,0.0
fuck here,0.0009436214
fuck it,0.0036755316
fuck me,0.0008722019
fuck off,0.000980092
fuck that,0.0012379097
fuck up,0.0
fuck you,0.00033173454
fucked,0.0010268945
fucked up,0.0007108518
fucker,0.0002602321
fuckin,0.00082436146
fucking,0.0007695647
full,0.0
fully,0.0
fun,0.00022043652
funeral,0.0
funny,0.0
further,7.3479874e-05
future,8.998981e-05
game,0.0002689015
games,0.00019786227
gang,0.0
garage,0.0
garbage,0.00044578442
garden,0.0
gas,0.0
gasps,0.0006369735
gate,0.00051414827
gather,0.0
gave,0.0006670417
gave me,0.0
gay,0.0
gee,0.0
general,0.00016190302
generous,0.0
genius,0.00029313663
gentle,0.0
gentleman,0.0
gentlemen,9.748913e-05
george,0.0
german,0.0
get,0.0
gets,0.00073951826
gettin,0.00020400726
getting,0.00074077037
ghost,0.0
giant,0.0
gift,0.0008512398
girl,0.000114897
girlfriend,0.00021755754
girls,0.00016603342
give,0.0
given,1.1554854e-05
gives,0.00022979804
giving,0.001450982
glad,0.00048310115
glad you,0.0
glass,0.0
glasses,0.0
glory,0.0
go come,0.0011073801
go don,0.00026604376
go go,0.0024193474
go got,0.0
go hey,0.0
go it,0.0
go let,0.00010486665
go ll,0.0
go no,0.00042815664
go oh,0.0
go okay,0.0
go right,0.0
go that,0.0
go we,0.0
go what,0.0
go yeah,0.0
go you,0.0
goal,0.0
god,0.0006126933
god bless,0.0
god damn,0.0
god don,0.0
god it,0.0
god no,0.0
god oh,0.0003478705
god sake,0.00069098704
god that,0.0
god you,4.4956843e-05
goddamn,6.3286694e-05
goddamn it,0.0
goes,9.737333e-05
goin,0.0
going anywhere,0.0007455607
going come,0.0
going do,0.00040555705
going going,0.0
going happen,0.0
going here,0.00031764843
going home,0.00037161296
going it,0.0009792943
going kill,0.0
going on,8.653717e-06
going right,0.00031138927
going tell,0.0
going there,0.0008989104
going to,0.0
going you,5.7570523e-05
gold,0.0
golden,0.0
gone,5.8106238e-05
gonna,9.3692666e-05
gonna ask,0.0
gonna be,0.0
gonna come,0.0
gonna die,0.0
gonna do,9.9202014e-05
gonna find,0.0005322435
gonna fine,0.0
gonna go,0.0
gonna happen,0.00016384717
gonna help,6.663209e-05
gonna it,0.0
gonna kill,0.0
gonna leave,0.00012500856
gonna let,0.00016047093
gonna like,0.0
gonna need,0.00038505677
gonna okay,0.0
gonna right,0.0009376701
gonna stay,0.0
gonna talk,0.00027546173
gonna tell,0.0
gonna try,0.0
gonna work,7.503965e-05
gonna you,0.0
good afternoon,0.0
good boy,0.0
good bye,0.0
good day,0.0
good don,0.0
good evening,0.0005474531
good girl,0.0
good good,0.0010864661
good idea,0.00049613
good it,0.00029202655
good job,0.0
good know,0.0
good look,0.0
good luck,0.00017833323
good man,0.0
good me,0.0
good morning,0.0
good news,0.0
good night,0.0
good okay,0.0
good one,0.00014753845
good right,0.0
good that,0.0
good thing,0.00066516956
good time,0.0
good yeah,0.0
good you,0.00051350286
goodbye,0.0005493452
goodness,0.0
gorgeous,0.00061445637
gosh,0.0
got big,0.0
got go,0.0
got good,0.0
got here,9.723288e-06
got him,0.0
got idea,0.0
got it,0.00014432732
got job,0.0
got little,0.00021213929
got lot,0.0
got me,0.0
got money,0.0
got new,0.0
got one,0.0007049116
got problem,0.0
got right,0.0
got that,0.0
got there,0.0
got this,0.0
got time,0.0
got you,0.0
gotta,7.94732e-05
gotta go,0.000160672
gotten,0.0
government,0.0003915162
grab,0.0005023123
grace,0.000254048
grade,0.0
grand,0.0
grandfather,0.0
grandma,9.058713e-05
grandmother,0.0
grass,0.0
grateful,0.0
grave,0.0
great,0.00026705922
great you,0.0
greater,0.0007872285
greatest,0.00018229427
green,0.00038783086
grew,0.0
groans,0.0
gross,0.0
ground,0.00026771703
group,0.0
grow,0.00042016845
grow up,0.0
growing,0.0
grown,7.832484e-05
grunting,0.0
grunts,0.0
guarantee,0.0
guard,0.0
guess,0.00090676296
guess it,0.0
guess what,0.0
guess you,0.0
guest,0.0
guests,0.0
guide,0.0
guilty,0.00066292315
gun,0.0005829593
guns,0.0
guts,0.0
guy,0.000832403
guys,0.0008122923
guys come,0.0
ha,8.55716e-05
ha ha,0.00016641337
had,0.0
hadn,0.0
hair,0.00019637021
half,0.00048730214
half hour,0.00029831985
hall,0.0006154383
hand,0.000589273
handed,0.0
handle,0.0013294903
handle it,0.0
hands,0.00071821525
handsome,0.0007756852
hang,0.001938595
hang on,0.0
hanging,0.0002226452
happen,0.00015951469
happened,0.0005480429
happened you,1.0424558e-06
happening,0.0006244358
happens,0.00081308134
happiness,0.0
happy,0.00036949964
happy birthday,0.0
happy you,0.002713805
hard,0.00033990396
harder,0.0
hardly,0.0
harm,0.00022021928
has,0.0
hasn,0.0004956634
hat,0.0007210916
hate,0.0
hate you,0.0
hated,2.7643608e-05
hates,0.0
have,0.0004346461
haven,0.0011538008
haven got,0.0
haven heard,0.0
haven seen,0.0
having,0.00058860244
having fun,0.0
he coming,0.001211386
he dead,0.0
he getting,0.0
he going,0.0
he gone,0.0
he gonna,0.0
he good,0.0
he got,6.81843e-05
he he,7.709015e-05
he here,0.00025367353
he like,0.001154509
he ll,0.00027589526
he right,0.0
he there,0.0
he trying,0.0
head,0.00051339564
headed,0.00021213389
heading,0.00032431245
heads,1.8377896e-05
health,0.0002210704
healthy,0.0010264749
hear,0.00026949513
hear it,0.0007184881
hear me,0.00026280514
hear that,7.829908e-05
hear you,0.0003429885
heard,0.00020025655
heard it,0.0
heard you,0.0
hearing,0.00015591746
heart,0.0
hearts,0.00084115466
heat,0.0
heaven,0.0
heavy,0.0004350228
heck,0.0012413935
held,0.0012872787
hell,0.00161797
hell doing,0.0
hell going,0.0
hell here,0.00014426793
hell that,0.0006528048
hell you,0.0
hello,0.0003042442
hello hello,0.00017448628
hello hey,0.0
hello hi,0.0
help help,0.00014607546
help it,0.0
help me,0.0013570191
help out,0.0
help us,0.0
help you,0.0024202052
helped,0.0
helping,0.0
helps,0.0
her,0.00039405294
her don,0.0
her it,0.0
her know,0.0
her no,0.0
her she,0.0
her you,0.0
here can,0.0
here come,0.000715598
here don,0.00010802768
here go,0.0
here gonna,0.0
here good,6.436831e-05
here got,0.00033363685
here he,6.1899394e-05
here here,0.0
here hey,0.0
here it,0.00053969526
here know,0.00020482535
here let,0.0
here like,0.0
here ll,0.00040302426
here look,0.0006207547
here man,0.0
here need,0.0
here no,0.0
here now,0.0
here oh,0.0
here okay,0.0
here please,0.0
here right,9.4532894e-05
here that,5.805259e-05
here there,5.614418e-05
here think,0.0
here want,0.00025823642
here we,0.0
here well,0.0
here what,0.0003806671
here yeah,0.0
here yes,0.00017705324
here you,8.9645626e-05
hero,0.0
herself,0.0
hey,0.009929511
hey come,0.0002782901
hey doing,0.0006154422
hey don,0.0
hey got,0.001678003
hey guys,0.0005837539
hey hey,0.0
hey hi,0.00033126058
hey it,9.995004e-05
hey know,0.0
hey let,0.0
hey listen,0.0
hey look,0.0
hey man,0.0
hey that,0.00020334109
hey there,0.0
hey wait,0.0007625895
hey what,0.0
hey you,5.1071765e-05
hi,0.00063585053
hi hey,0.0
hi hi,0.0
hi you,0.0
hidden,0.0
hide,0.00018810236
hiding,0.0
high,0.00012433279
high school,0.002261167
higher,0.0
highest,0.0
highly,0.0007388541
hill,9.254697e-05
him can,0.0
him come,0.0
him didn,0.0
him don,0.0014629916
him got,0.0
him he,0.00023336883
him it,0.001180228
him know,0.0
him no,0.00033011928
him oh,0.0
him right,0.0
him that,0.0
him well,0.0
him what,0.0
him yeah,0.0
him you,0.0
himself,0.00026958925
hip,0.0
hire,0.0
hired,0.0
his,0.0003316456
history,0.00025803587
hit,0.00080432586
hit me,0.0018089006
hits,0.0
hitting,0.0
hm,0.0006338866
hmm,0.00039301664
ho,0.001164628
hold,0.00038563108
hold it,0.0
hold on,0.00038282943
hold second,0.0005280167
holding,0.0015579826
hole,0.0
holiday,0.0
holy,0.0
holy shit,0.0008845745
home you,0.00016930304
homes,0.0
honest,0.0012873086
honestly,0.0
honey,0.0002664813
honor,0.00030018203
hoo,0.00012960825
hook,0.00047733609
hop,0.0010832733
hope,0.00030862392
hope so,0.0
hope you,0.0
hoped,0.0
hoping,0.00030076693
horn,0.0
horrible,0.0011781378
horse,0.0
horses,0.0
hospital,0.0002981304
hot,2.8094313e-05
hotel,0.0
hour,0.00071596226
hours,0.00060338475
house,0.00014576063
houses,0.0
how,0.00018658448
how going,0.0036613776
how that,0.0
however,0.0
hug,0.0
huge,0.0002534726
huh,0.00042967548
huh yeah,0.0
human,0.0
hundreds,0.0
hung,0.0
hungry,9.5553936e-05
hunt,0.0
hunting,0.0
hurry,2.1523218e-05
hurry up,0.0
hurt,0.00021749739
hurt you,0.0
hurting,0.0
hurts,0.0005014988
husband,0.0005571764
ice,0.0
ice cream,0.0
idea,0.00043752996
ideas,0.00030839053
idiot,0.00041499027
if,0.00043841382
ignore,0.00013436213
ill,0.0
illegal,0.0014416102
image,0.0014837382
imagine,9.77669e-05
immediately,0.0008514074
important,0.00070326816
impossible,0.0
impressed,0.0003797064
impressive,0.0017131547
in come,0.0
in it,0.0
incident,0.0
including,0.0
incredible,0.00016988858
indeed,0.0
information,0.00019032777
innocent,0.00077117706
insane,4.4307704e-05
inside,0.00022417806
insist,0.0
instead,0.0
insurance,0.0
interest,0.0
interested,0.00023384464
interesting,0.00013789686
international,0.0
internet,0.0
interrupt,0.0
interview,8.667648e-05
into,0.0
introduce,0.0
investigation,0.0
invite,0.0
invited,0.0001557138
involved,5.6864856e-06
iron,0.0
is don,0.0
is it,5.4043572e-05
is know,0.001115972
is that,0.0
is you,0.0
island,0.00020145136
isn,0.00017009713
isn it,1.3342752e-05
issue,0.0
issues,0.0
it actually,0.0
it amazing,0.0
it bad,0.00014478221
it beautiful,0.0
it best,0.0018999117
it better,0.0002399113
it big,0.0
it business,0.0
it called,0.0
it can,0.00039431133
it cold,0.0
it come,0.00026237767
it coming,0.0
it cool,0.0
it day,0.0
it didn,0.0008899133
it do,0.0
it don,0.00010241561
it done,0.0
it easy,0.00023080196
it fault,0.0005054102
it fine,0.00019946005
it fucking,0.0
it fun,0.0
it funny,0.0
it getting,0.00034730803
it go,0.0
it going,0.0003447505
it gone,0.0
it gonna,0.0001900949
it good,0.00083960104
it got,0.00025842706
it gotta,0.0
it great,0.0
it hard,0.00043594165
it he,8.786917e-05
it here,0.0
it hey,0.0
it him,0.0
it hot,0.0
it important,0.0
it it,0.00041914656
it job,0.0
it just,2.932498e-06
it kind,0.0
it know,3.2795102e-05
it late,0.0
it let,0.00016282033
it like,0.00020630965
it little,0.0003546853
it ll,0.0009816004
it long,0.0010911106
it look,0.0
it lot,0.0019460514
it love,0.00041731988
it man,0.00020964572
it maybe,0.0
it me,0.00011429092
it mean,0.0
it mr,0.0
it need,0.0
it new,0.0
it nice,0.00044795338
it no,0.0
it not,0.00058150536
it nothing,0.0
it now,0.00083473005
it oh,0.00079730834
it ok,0.00085531676
it okay,0.00018606118
it old,0.0
it over,0.0005234027
it perfect,0.0
it please,0.0
it possible,0.0
it pretty,4.055605e-05
it probably,0.00013597055
it real,0.00017082464
it really,5.7158923e-05
it right,0.00041363604
it said,0.0
it she,0.0
it simple,0.0
it so,0.0
it sorry,0.0
it stop,0.00020243804
it sure,0.00067111116
it tell,0.0
it thank,0.0013671968
it that,0.0005134705
it there,0.0
it they,0.0
it thing,0.0
it think,0.00018462098
it thought,0.0
it time,0.0008498965
it true,0.0
it turn,0.0
it uh,0.0
it ve,0.0
it want,0.0
it way,0.0018898089
it we,0.00048690452
it well,0.001997675
it what,0.00016524269
it worth,0.0
it yeah,0.0
it yes,0.0
it you,0.00022475947
italian,0.0
itself,0.0
jack,0.0
jacket,0.00017843556
jail,0.00047724316
james,0.0
jealous,0.00017227817
jeez,0.0
jerk,0.0
jesus,0.00034601844
jesus christ,0.00011211266
jim,0.0
jimmy,0.0008763178
job,0.00030706867
jobs,0.0003100626
joe,0.00016010087
john,0.0
johnny,0.0
join,7.642268e-05
join us,0.0
joined,0.0
joint,0.0011711621
joke,0.0
joking,0.0
journey,0.0
joy,0.0
judge,0.00027248883
juice,0.0
jump,7.496184e-05
jumped,0.0
junior,0.0
just,0.00014879392
just don,0.0
just know,0.0
justice,0.0
keep,0.00015275873
keeping,0.00013895282
keeps,0.0
kept,0.00011293562
key,0.00014850312
keys,0.0
kick,0.0009983159
kicked,0.00019598463
kicking,0.0
kid,0.0001452406
kidding,0.0002994389
kidding me,0.0013372077
kids,0.0005986508
kill,0.0011089512
kill him,6.150638e-05
kill me,0.00017567819
kill you,0.00031828624
killed,0.00021377373
killed him,0.00026667948
killer,0.0005530714
killing,0.0010923555
kills,0.0
kind,5.4016687e-05
kind like,0.0
kind of,0.0
kinda,0.0
kinds,0.0011268866
king,0.0002319476
kiss,0.00029766827
kissed,0.0
kissing,0.0
kitchen,0.0
knees,0.0
knew,0.00038779606
knew it,0.0014061949
knew you,0.0002871543
knife,0.0
knock,0.00071816146
knocked,0.0
knocking,0.0
know am,0.00041881407
know are,0.00099762
know better,0.0
know can,0.00019036053
know come,0.00014131334
know didn,0.0
know do,0.00016134992
know don,0.000724633
know exactly,0.0
know feel,0.0
know going,0.0015900715
know gonna,0.0
know good,0.0
know got,4.225758e-05
know guy,0.0005034027
know happened,0.00015636216
know he,0.0003322484
know her,0.0
know here,0.0
know him,0.0
know how,0.0
know is,0.00042811985
know it,0.00036230247
know kind,0.0
know know,0.000861797
know let,0.0
know like,0.001549517
know little,0.0
know ll,0.0
know look,0.00065045874
know lot,0.0
know love,0.0003502302
know man,0.0
know maybe,0.0
know me,0.0004979131
know mean,0.00030777536
know means,0.0
know name,0.0
know need,0.00053208845
know no,0.0
know oh,0.0
know people,0.0
know right,0.0
know said,0.0
know say,0.0023731801
know she,0.0005136573
know something,0.0
know sorry,0.0
know tell,0.0
know that,0.0
know there,0.0
know they,0.0
know thing,0.0
know things,0.00043909918
know think,0.00016356095
know this,8.225657e-05
know thought,0.0
know time,0.0
know ve,0.00011324411
know want,0.0
know way,0.0
know we,0.00021074896
know well,0.0
know what,0.0007594757
know who,0.0
know why,0.0004030739
know yeah,0.0
know you,0.0007574429
knowing,0.0011248599
knowledge,0.0
known,1.3189244e-06
knows,0.00014853547
la,0.0
lab,0.0
lack,0.0
ladies,0.00015046813
ladies gentlemen,0.0003033026
lady,0.00048026812
laid,0.0
lake,0.0
land,0.0
language,0.0
large,0.00021868933
last,0.0
late,0.0003702867
lately,0.0002678327
later,0.00058035145
latest,0.0
laugh,0.00040285825
laughing,9.5527714e-05
laughs,0.00021633692
laughter,0.0
law,9.517302e-05
laws,0.0
lawyer,5.5162775e-05
lay,7.8149424e-05
lead,0.0010138188
leader,0.0002818835
leading,0.0
leads,0.00077871216
league,0.0
learn,4.6582463e-05
learned,0.0
learning,0.0
least,0.0023339025
leave,0.00075330684
leave alone,0.0
leave it,0.0024182089
leave me,0.0
leave message,0.00039374043
leave you,0.0
leaves,0.00036767413
leaving,0.00032508644
led,0.00033257363
left,0.00014372852
leg,0.00021948488
legal,0.0
legs,0.0
less,0.0
lesson,0.0006875602
let ask,0.0
let down,0.0
let find,0.0
let go,0.0005688312
let hear,0.0
let help,0.0
let here,0.001597513
let in,0.0
let it,8.79692e-05
let know,0.0
let look,0.0
let me,0.0
let out,0.0
let see,0.00043942398
let talk,0.0
let tell,2.3031675e-05
let that,0.0
let this,0.0
let try,0.0
let you,0.00025328435
lets,0.00025687946
letter,2.5219817e-05
letters,0.0
letting,0.00019787082
level,8.538136e-05
liar,0.00014062051
library,0.0
license,0.0
lie,0.00063053623
lied,0.00063217926
lies,0.00021401665
lieutenant,0.0
life,0.0002677509
life it,0.0
life you,0.0
lifetime,0.0
lift,0.0
light,0.0001591993
lights,3.0376788e-05
like come,0.0
like don,0.00041978556
like good,0.0003315218
like he,0.0
like her,0.0
like him,0.0012063155
like it,0.0011740368
like know,0.00068038615
like like,0.00012064166
like little,0.0007760784
like me,0.0
like old,0.0
like one,0.0
like said,0.00031576483
like that,0.00045807502
like them,0.0
like there,0.0
like they,0.0
like this,0.00013553258
like way,7.280987e-05
like we,0.0
like what,0.0006656081
like you,0.00043014588
liked,0.00031813132
likely,0.0
likes,0.0002646308
line,0.00044162694
lines,0.0012398585
lips,0.0
list,0.00039193936
listen,0.00039480062
listen don,0.0
listen me,0.00032667685
listen up,0.0
listen you,0.0
listened,0.0
listening,0.0006915648
literally,0.0
little bit,0.0005087495
little boy,0.0
little girl,0.00027222358
live,0.0001288825
live here,0.0
lived,5.936154e-05
lives,0.0004903994
living,0.0004935209
ll able,0.0
ll back,0.0
ll bet,0.0
ll bring,0.0
ll care,0.00014560927
ll come,0.00082613796
ll do,0.00022105098
ll find,0.00035008922
ll fine,0.0007350573
ll go,0.0
ll good,0.0
ll help,3.857668e-05
ll here,0.0
ll home,0.0
ll it,0.0011357252
ll kill,0.0
ll know,0.0
ll later,0.0
ll leave,0.0
ll let,0.0
ll like,0.0
ll look,0.00084602303
ll meet,0.0
ll minute,0.0
ll need,0.0
ll pay,0.0004979875
ll probably,0.0011323848
ll right,0.0002127449
ll see,0.0
ll send,0.0
ll soon,0.0015241755
ll start,9.665789e-05
ll stay,0.0004741513
ll talk,0.00015179657
ll tell,0.00014672184
ll that,0.0
ll there,0.0
ll think,0.0
ll tomorrow,0.00018440397
ll try,0.0
ll wait,0.0
ll work,0.0
ll you,0.0
load,0.0
loaded,0.0
local,0.00058192067
location,0.0
lock,0.0
locked,0.0
london,0.0
lonely,0.0
long ago,0.0
long time,6.454194e-05
long way,0.0
longer,0.00026082332
look don,0.00021471377
look good,0.0002182473
look got,0.0
look great,0.00049238524
look here,0.0
look him,0.0
look it,0.0002583813
look know,0.0
look like,0.00026529847
look look,0.0007229238
look me,0.00034682502
look out,0.0
look that,0.0
look there,0.0
look this,0.00049441087
look you,0.0
looked,0.00028411316
looked like,0.0
lookin,0.00016739656
looking,0.00062033074
looking at,9.202457e-05
looking for,0.0
looking me,0.0018549231
looking you,0.00071874354
looks,0.00042262484
looks good,0.0
looks like,0.0001329592
loose,0.0
lord,0.0
los,0.0
lose,0.0004241204
loser,0.00066288834
losing,0.0
loss,0.0
lost,0.0018708718
lot,0.00056832394
lot money,0.0
lot people,0.0
lot things,0.0
lots,0.0002703
loud,0.0
love,9.194986e-05
love her,0.0
love him,0.0
love it,8.219655e-05
love love,0.0
love me,0.0
love much,0.00030234412
love that,0.0
love too,0.00055291434
love you,0.00072924345
loved,0.0
lovely,0.0
lover,0.0
loves,0.0004648137
loving,0.0
low,0.00080198556
lower,0.0
lt,0.0
luck,0.00021262493
lucky,0.00010311627
lunch,0.0002889826
lying,0.00017471467
ma,0.0006348297
ma am,0.00042525303
machine,0.00014457772
mad,0.00018045296
made,0.0
magazine,0.0
magic,0.0
mail,0.0004845001
main,0.00027462328
major,0.0009890948
make,0.00073437963
makes,0.00032738084
makes feel,0.0017940762
makes sense,0.0018731666
making,0.00014657389
male,0.0
mama,0.0
man come,0.0008294518
man don,0.00014591074
man got,0.0
man he,0.0
man hey,4.142161e-05
man it,0.0
man know,0.0
man let,0.0
man like,0.0
man man,0.0
man no,0.0
man oh,0.0
man right,0.00029359947
man that,0.00015170693
man what,0.0
man yeah,0.0
man you,5.9053964e-05
manage,0.0
managed,0.0
manager,0.0
many,0.00014303079
map,0.00013429624
march,0.0
mark,7.6027616e-05
market,0.0008300925
marriage,0.00045220682
married,0.00023189455
marry,0.0014638428
mary,0.0
master,0.00041180677
match,0.0
mate,0.0
material,0.0
matter,0.000649379
matter fact,0.0
matter you,0.0
matters,0.0001306421
may,0.0
maybe,0.00030547872
maybe he,0.0
maybe it,0.0
maybe ll,0.0013155659
maybe that,0.0
maybe you,0.0
me can,0.0
me come,0.00027582038
me didn,0.00016247843
me don,0.0
me excuse,0.00021522347
me going,0.0
me gonna,0.0002643515
me good,0.0015093407
me got,0.00033514627
me he,0.00061153405
me help,0.0
me here,0.0
me hey,0.0
me it,2.8208766e-05
me know,0.0002428599
me let,0.00029776912
me like,0.00010480351
me ll,0.00024711006
me look,6.415801e-05
me love,0.0
me man,0.0
me me,0.00022674273
me mean,0.000745156
me mr,0.0
me need,0.0
me no,0.0
me now,0.00057377864
me oh,0.00081104256
me okay,0.00019111278
me please,0.00012629593
me right,0.0005900057
me said,0.0
me she,0.0
me sir,0.0
me sorry,0.00028667782
me sure,0.0
me tell,0.00012770882
me that,0.0
me there,0.0
me they,0.0004946715
me think,0.0
me too,0.0006897544
me ve,0.0007596415
me want,0.0
me we,0.0
me well,0.0
me what,0.00039482585
me yeah,0.00030232445
me yes,0.000301905
me you,0.00020317908
meal,0.0
mean can,0.0
mean don,0.0
mean he,0.0
mean it,0.00012433434
mean know,0.0
mean like,0.0
mean look,0.0
mean that,0.0007665724
mean we,0.0
mean you,0.0
meaning,0.002265007
means,0.00014477909
meant,0.0002432775
meat,0.0
media,0.0
medical,0.0005240884
medicine,0.00016518094
meet,0.0001520987
meet you,8.963293e-05
meeting,0.00035485218
member,0.0
members,0.0
memories,0.0
memory,0.0
men,0.00092502584
mental,0.0
mention,0.0
mentioned,0.0
mercy,0.00082882226
mess,0.0
message,0.0
messages,0.0
messed,0.0
messing,0.0
met,9.340231e-05
metal,0.0
mexico,0.0
michael,0.0
middle,0.0
midnight,0.0
might,0.0
mighty,0.0
mike,0.0
mile,0.0
miles,0.0
military,0.0
milk,0.0012385225
million,0.0
millions,0.0
mind,0.0002986234
minds,0.0
mine,0.00033682806
minute,7.469198e-05
minutes,0.00058455125
miracle,0.0
mirror,0.00012511732
miserable,0.0
miss,0.00027253246
miss you,0.0
missed,0.0001872583
missing,8.024822e-05
mission,0.00053053425
mistake,0.002110695
mistakes,0.0
mister,0.0
mix,0.0
mixed,0.0
mm,0.0
mm hmm,0.0
mmm,0.00014420871
model,0.0
modern,0.0004400151
mom,8.716005e-05
mom dad,8.4172956e-05
moment,0.00010134982
moments,0.000996723
mommy,0.000110263616
monday,0.0
money,0.00011102373
money don,0.00037548642
money it,0.00018910207
monkey,0.00040577905
monster,0.0
month,0.00021184364
months,0.00019397154
months ago,0.0
mood,0.0
moon,0.00036850153
more,0.00065406744
morning,0.00030734198
most,0.0004966053
mother,0.00040231063
motherfucker,0.00027001093
mountain,5.679676e-05
mountains,0.00027532308
mouth,0.00040788882
move,0.00037741355
moved,5.1002164e-05
movement,0.0
moves,9.211501e-05
movie,0.0
movies,0.0
moving,0.0
mr,0.0001060099
mrs,0.0007366338
ms,0.0004626337
much,0.0003671597
murder,0.0
murdered,0.0
music,0.00024884785
must,0.0003546883
must ve,0.0
my,0.00049838534
myself,0.0004555146
mystery,0.0
nah,0.0
nail,0.0
naked,0.0001223206
name,0.00023203879
named,0.0009594673
names,6.998099e-05
nasty,0.0
nation,0.0
national,0.0
natural,0.0
nature,0.0
near,0.0003563013
nearly,0.0
necessary,0.0
neck,0.00012328483
need help,0.0027835662
need it,0.0001274948
need know,0.00021970527
need me,6.508681e-05
need money,0.0
need talk,0.00069783855
need to,0.0
need you,0.0
needed,8.1336504e-05
needs,0.00019837277
negative,0.0
neighbor,0.0
neighborhood,0.000102201986
neighbors,0.0
neither,0.0
nerve,0.0
nervous,7.6073404e-05
never,0.0005488321
new,0.00010498569
new york,0.0005222269
news,1.0110638e-05
newspaper,0.0
next,0.00036504434
nice,3.5193898e-05
nice meet,0.0
nice you,0.0
night,0.00018921598
night good,0.0
nightmare,0.0
nights,0.0
nine,0.00030479333
no can,8.5983236e-05
no come,8.2005456e-05
no course,0.0
no didn,0.00084346364
no don,0.00044104512
no going,0.0
no gonna,0.0
no good,0.0
no got,0.0
no he,0.0
no hey,0.00038394504
no it,0.00015642995
no know,0.0
no let,0.0
no like,0.0
no ll,0.00035845535
no look,0.0
no man,0.0
no mean,0.0
no need,0.0
no no,0.00061559427
no not,0.000281611
no oh,2.392886e-05
no okay,0.0
no please,0.0
no really,0.0
no right,0.0
no she,0.0
no sir,0.00032921653
no sorry,0.0
no stop,0.0
no thank,0.0004949376
no thanks,0.0
no that,0.00032686105
no there,0.00037336675
no they,0.0
no think,0.00025895075
no ve,0.0
no wait,0.0005075763
no want,0.000106833344
no we,5.9378985e-05
no well,0.0
no what,0.0
no won,0.0
no yeah,0.0
no yes,0.0005593683
no you,0.00073150947
nobody,4.0487634e-05
noise,0.0
non,0.0
none,0.0
nonsense,0.000102157974
nope,0.0
normal,6.44267e-05
normally,0.0
north,0.0
nose,0.0
not,0.00050265534
not don,0.0
not it,0.0
not no,0.0
not you,0.0
note,0.0
notes,0.0
nothin,0.0
nothing,0.00030317297
notice,0.0
noticed,0.0
now can,0.0001164271
now come,0.0
now don,6.543879e-05
now got,0.0
now he,0.0
now it,0.0
now know,0.00017635468
now let,0.0015835215
now ll,0.0
now look,0.0
now need,0.0
now no,0.0
now now,0.0020908657
now oh,0.0
now okay,0.0
now right,0.00037434557
now that,0.0
now there,0.0003166662
now think,0.0
now want,0.0
now we,0.00040396693
now well,0.0
now what,0.0
now yeah,0.0
now you,0.000203947
nowhere,0.0
number,0.00015862849
number one,0.0
numbers,0.0003303794
nurse,0.0
nuts,0.00025298883
object,0.0
obvious,0.00045940187
obviously,0.0
ocean,0.0
odd,0.00019948321
of,0.00061256654
off,0.00034469465
offense,0.00029776618
offer,0.0
offered,0.0
offering,0.0
office,0.00038379637
officer,0.0
officers,0.0
official,0.0
officially,0.0
often,0.0
oh boy,0.0
oh come,0.00077430997
oh dear,0.00057840155
oh don,1.7326272e-05
oh fuck,0.000102491606
oh god,0.0027770281
oh good,0.0010288305
oh gosh,0.0
oh got,0.0
oh great,0.0
oh he,6.059873e-05
oh hey,0.000586513
oh hi,0.0
oh it,0.0
oh jesus,0.0
oh know,0.0
oh look,0.0
oh man,0.00069259136
oh my,0.00028049207
oh no,0.00041476797
oh oh,5.612574e-05
oh okay,0.0
oh please,0.0
oh really,0.0014649737
oh right,0.0
oh shit,0.00035864994
oh sorry,5.892759e-05
oh sure,0.0
oh thank,0.0005783184
oh that,0.0002335469
oh uh,0.0
oh well,0.00027147203
oh wow,0.0
oh yeah,0.0001321994
oh yes,0.00025813965
oh you,0.00025617206
ohh,0.00028665597
oil,0.0
ok,0.00014515416
ok ok,0.0
okay,0.0010313897
okay bye,0.0
okay come,0.0
okay don,0.0006360627
okay fine,0.0
okay go,0.0
okay gonna,0.0
okay good,0.0018633062
okay got,0.0
okay here,0.0
okay hey,0.0
okay it,0.0
okay know,0.00086102536
okay let,0.0
okay ll,0.0005756877
okay look,0.0
okay need,0.0
okay no,0.0
okay now,0.0
okay oh,0.0
okay okay,0.00041901268
okay right,2.9445382e-05
okay so,0.0
okay sorry,0.0
okay thank,0.0
okay thanks,0.0
okay that,0.0004210746
okay there,0.0
okay want,0.0
okay we,0.0
okay well,0.00012217379
okay what,0.0
okay yeah,0.00031784087
okay yes,0.0
okay you,0.0
old,0.00045015925
old man,7.111485e-05
old you,0.0002609749
older,0.00015245903
on baby,0.0
on can,0.0002268578
on come,0.0006946827
on don,0.00059683004
on go,9.511258e-05
on got,0.0
on guys,0.0009474829
on here,6.6605724e-05
on hey,0.0
on hold,0.0
on it,0.00015404118
on know,0.0
on let,4.871982e-05
on ll,0.0
on look,0.0
on man,0.0005112424
on no,0.0
on now,0.0
on oh,0.0010019646
on okay,0.0
on right,0.0
on that,0.0
on there,0.0
on want,0.0
on we,0.0
on what,0.0
on yeah,0.00025668982
on you,0.0
once,0.00048243877
one it,7.669089e-05
one two,0.0
one you,0.0
ones,0.000773277
only,0.0
ooh,0.00020129335
open,0.00012628443
open door,0.0
open it,0.0
open up,0.0013543623
opened,0.0
opening,0.00051987
opens,0.0
operation,0.0
opinion,0.00028629933
opportunity,0.00073497486
opposite,0.0
or,0.0012212241
orange,0.0
order,0.00012665715
ordered,0.0
orders,0.0
ordinary,0.0
original,0.0
other,0.00031254685
others,3.4485354e-05
otherwise,0.0
ought,0.00045907884
our,0.0
ours,0.0
ourselves,0.0
out come,0.0
out don,0.0
out it,0.0
out know,0.0
out let,0.0
out no,0.0
out oh,0.00010119839
out okay,0.0
out out,0.00035181036
out right,6.272411e-06
out that,0.0
out we,0.002694138
out yeah,0.0
out you,0.0
outfit,0.0
outside,0.0005299022
outta,0.0007454483
outta here,0.0
over,0.0005932043
ow,0.0
owe,0.00038968687
own,0.0014351429
owner,0.0
owns,0.0
pack,0.0
packed,0.0
page,0.0
paid,7.7084784e-05
pain,6.3281776e-05
painful,0.0
paint,0.0
pair,0.0
pal,0.00018475912
panic,0.0
pants,0.00084979937
papa,5.9822316e-05
paper,0.000106276995
papers,0.00057533075
pardon,0.000954593
parents,0.0013114417
paris,0.0
park,5.2906606e-05
parking,9.4362964e-05
part,0.00017063139
particular,0.0
particularly,0.0
parties,0.0
partner,0.000703428
partners,0.0
parts,0.0
party,0.0001576759
pass,0.0
passed,0.0003471561
passing,0.0014544489
passion,0.0
past,0.0003636332
path,0.0
pathetic,0.0007488798
patient,0.0006644582
paul,0.0
pay,9.275467e-05
pay attention,0.0
paying,0.0
pays,0.0
peace,4.264769e-05
pee,0.0
pen,0.0
people don,0.0
people know,0.0
people like,0.0
people think,0.0
percent,0.0007270601
perfect,0.00079951674
perfectly,0.00018759412
perform,0.0
performance,0.0
perhaps,0.0
period,0.00029678675
permission,0.0
person,0.0006322536
personal,6.628469e-05
personally,0.00025558946
peter,0.0008907903
phone,8.796158e-05
phones,0.0
photo,5.9310238e-05
photos,0.0
physical,0.0
piano,0.00020416419
pick,0.00010126348
pick up,0.0
picked,0.0
picking,0.0
picture,0.00016556589
pictures,0.0
pie,0.0004601211
piece,0.0
piece shit,0.0
pieces,0.0014514232
pig,0.0
pills,0.0
pink,0.00015651133
piss,0.0021896118
pissed,0.0
pity,0.00047521657
pizza,0.001282941
place,0.0009033497
places,0.0
plain,0.0
plan,0.0007041343
plane,0.0
planet,0.0
planned,5.1588748e-05
planning,0.0
plans,2.5888077e-05
plant,0.0
plastic,0.0
plate,0.0
play,0.0002673318
played,0.0016384951
player,0.0
playing,6.177512e-05
plays,0.0
pleasant,0.00018344264
please,0.00024059409
please come,0.0002347887
please don,0.0005310601
please it,0.00013125144
please let,0.00095541327
please no,0.0
please please,0.0
please thank,0.0
please you,0.00014463303
pleased,0.0
pleasure,0.00013776543
plenty,0.00013578075
plus,0.0
pocket,0.0
point,0.0001787624
points,0.0
poison,0.0
police,0.00091469765
policy,0.0
political,0.0
pool,0.0
poor,0.0006100991
pop,0.0006040803
popular,0.0
position,0.00061913364
positive,0.0
possible,0.0019871406
possibly,0.00012643501
post,0.0
pot,0.0
potential,0.0
pound,0.0
pounds,0.0
power,0.00045760037
powerful,0.0
practically,0.0
practice,0.0
pray,0.0009814751
precious,0.0009239746
prefer,0.0
pregnant,0.0
prepare,0.0008534604
prepared,0.00028593602
presence,0.0
present,0.0007499104
president,0.00055950583
press,0.0
pressure,0.0
pretend,0.0
pretending,0.0
pretty,0.00034690887
pretty good,0.0
pretty sure,0.0
price,0.0
prick,0.0
pride,0.0
prince,0.0
princess,0.0
prison,0.0
private,0.0
prize,0.0
probably,0.00019132641
problem,0.00011501337
problems,0.0
process,0.0
professional,0.0
professor,0.0
program,0.0
progress,0.0
project,0.0
promise,0.0003902786
promise you,0.00034508962
promised,0.0
proof,0.00012670128
proper,0.0
properly,0.00082799955
property,0.0006235876
protect,0.0018398743
protection,0.002374106
proud,0.0010698051
proud you,0.0003587419
prove,0.0008174232
provide,0.0
public,0.0
pull,0.0004951498
pulled,8.240471e-05
pulling,0.0
punch,0.0
punk,0.0
pure,0.00070344453
purpose,0.00022854886
push,8.218428e-05
pushed,0.0
pushing,3.9104107e-06
pussy,0.0008532483
put,0.0
puts,0.0
putting,0.00026237554
quality,0.0
quarter,0.00013041799
queen,0.0
question,6.291551e-05
questions,0.00011964989
quick,0.0003163545
quickly,0.0002330857
quiet,0.00050311437
quietly,0.0
quit,0.00063798245
race,0.0010617904
radio,0.00012480831
rain,0.00012963334
raise,0.00033843308
raised,0.0
ran,0.0001266703
range,0.0
rare,0.00015552873
rat,0.0
rate,0.0
ray,0.0
re afraid,0.0
re asking,0.00028104347
re beautiful,0.0
re best,0.000111835594
re big,0.0
re coming,0.0009060073
re crazy,0.0
re dead,0.00017708451
re doing,5.3005322e-05
re done,0.0
re fine,0.0
re friends,0.0
re fucking,0.0009447158
re getting,0.0009302102
re going,0.00013426252
re gone,0.0
re gonna,0.0014934415
re good,0.0012700806
re great,0.0
re happy,0.0
re having,0.0
re here,0.0003637759
re home,0.0
re it,0.0
re kidding,0.0
re kind,0.0
re late,0.0
re leaving,0.00022160535
re like,0.0
re little,0.0
re looking,0.0
re lucky,0.0
re making,0.0011602206
re not,5.2302425e-05
re okay,0.0004154967
re pretty,0.0001398235
re probably,0.000121252815
re ready,9.441016e-05
re real,0.0
re right,0.00015194737
re running,0.0
re safe,0.0
re saying,0.0
re supposed,0.0
re sure,0.0
re taking,0.0016883758
re talking,0.0010794714
re telling,0.0
re there,0.00012276975
re thinking,0.0
re trying,0.00031007756
re way,0.0
re welcome,0.001553649
re working,0.0
re wrong,0.0
re you,0.0
reach,0.00027044423
reached,0.0004958849
reaction,0.0
read,0.00029147055
read it,0.0
reading,0.0010685312
ready,0.0006554346
ready go,0.0
real,9.345824e-05
real good,0.0
reality,0.0
realize,0.0
realized,0.00018014823
really,0.00017979227
really yeah,0.0
reason,0.00068150106
reasons,0.0
receive,0.0008779924
received,0.00092824583
recently,0.0006187309
recognize,0.00036799748
record,0.0006406007
records,0.0013111929
red,0.0002595224
refuse,0.0
regret,0.0
regular,0.0
relationship,0.000532781
relax,0.00020107486
release,0.0
remain,0.0
remains,0.0
remember,0.00019710104
remember me,0.0
remember that,0.0
remembered,0.0
remind,1.4326324e-05
reminds,0.0
remove,0.0
rent,0.0
repeat,0.0
report,0.00044063953
reports,0.0
reputation,0.0
request,0.0
rescue,0.0
research,0.0
respect,0.00021423951
response,0.0
responsibility,0.0
responsible,0.00083372736
rest,0.00090887625
rest life,0.0005276017
restaurant,0.0
result,0.0
results,0.0
return,0.0
returned,0.0
rich,0.0010077899
rid,0.00019209542
ride,0.0006460858
ridiculous,0.0
riding,5.498264e-05
right away,0.00012513997
right back,0.0
right come,0.0
right don,0.0005508118
right go,0.0
right gonna,0.0
right good,0.0
right got,0.00016973751
right he,0.0003247801
right here,0.0006471504
right hey,0.0
right it,0.00041859428
right know,6.229632e-05
right let,0.00088813074
right like,0.0
right ll,0.00016882164
right look,0.0
right man,0.0
right me,0.0
right mean,0.0
right no,0.0
right now,0.000495108
right oh,0.00023683904
right okay,0.0
right right,0.00022557813
right so,0.00026082637
right sorry,0.0
right thank,0.0
right that,0.0
right then,0.00023523155
right there,0.00066580076
right thing,0.0
right think,0.00024184439
right time,0.0
right want,0.0
right way,0.0
right we,0.0
right well,0.0
right what,7.466527e-05
right yeah,0.00011018578
right yes,0.0003227869
right you,0.00034506124
rights,0.0
ring,0.0
ringing,0.0003823554
rings,0.0
rip,0.0
rise,0.0
risk,0.0
river,0.00017686037
road,0.00010373387
rock,0.0009005862
rocks,0.0
roger,0.0
role,0.0
roll,0.0010003061
rolling,0.0
romantic,0.0
roof,0.0
room,0.0003116085
rooms,0.000166694
rope,0.0
rose,0.0
rough,0.0
round,0.0008952124
route,0.00041455906
routine,0.0
row,0.0
rude,0.0
ruin,0.00018824522
ruined,0.00028570142
rule,8.7134e-05
rules,0.00028799035
run,0.0001253332
run away,0.0001457225
running,0.00015196903
runs,0.0
rush,5.9913065e-05
sacrifice,0.0
sad,0.000304885
safe,0.000535895
safety,0.0
said don,0.0
said he,0.0
said it,0.0
said no,0.0
said that,0.0
said you,0.0
saint,0.0
sake,0.0003072497
sale,0.00016267822
salt,0.0021385641
sam,0.0
same,0.0
san,0.0
sand,0.00231263
sandwich,0.00027722903
sat,0.0020808773
saturday,0.0024712929
save,0.00061208196
saved,0.00029840617
saving,0.0
saw,0.00033015682
saw it,0.0
say,0.0007830273
say don,0.0
say it,0.0
say you,0.0
saying,0.00064246083
saying that,0.00013449688
says,0.00031356022
says it,0.00024177981
says you,0.0
scare,0.0003402193
scared,7.915378e-05
scary,0.0
scene,0.0
schedule,0.0
school,0.00014600354
science,0.0
score,0.0
scratch,0.0
scream,0.0009315757
screaming,0.0008212954
screams,0.00013829503
screen,0.0
screw,0.0
screwed,0.0013027109
sea,0.0
search,0.0005777039
searching,0.0
season,0.0
seat,0.0010654316
seats,0.0
sec,0.0
second,5.3211937e-05
seconds,0.00018437969
secret,0.00016714011
secretary,0.0
secrets,0.00015253006
section,0.00029963788
secure,8.543426e-05
security,0.00027953883
see,0.00011051793
see it,0.0
see that,0.0
see you,0.0006990234
seeing,0.00018866
seek,0.00014970466
seen,0.0
seen before,0.0
sees,0.0
self,8.97588e-05
sell,4.8012047e-05
selling,0.0005491241
send,0.00016229053
sending,0.00023895464
senior,0.0
sense,0.00021948977
sensitive,0.000105847175
sent,0.00032077433
sentence,0.0
separate,0.0
sergeant,0.002005778
series,0.0
serious,0.0
seriously,0.00055503286
serve,0.0
served,0.0
service,0.0
services,0.00010774163
set,0.00036646557
set up,0.00012550538
setting,0.0
settle,0.0
settled,0.0
seven,0.00032794417
sex,0.00059270783
sexual,0.0
sexy,0.0
shake,0.0
shall,7.085883e-05
shame,0.0001246901
shape,0.0
share,0.00044285913
sharp,0.0
she,0.00058273535
she going,0.0
she gonna,6.118683e-05
she good,0.0
she got,0.0
she ll,0.0
she right,0.0
she she,0.0002504995
shh,0.0
shift,0.0
shine,0.0
ship,0.0
shirt,0.0003085367
shit,0.0005400343
shit it,0.0
shit oh,0.0
shit shit,0.0
shit you,0.0
shock,0.0
shoe,0.00016511248
shoes,0.0
shoot,0.00065866095
shooting,0.0
shop,0.0
shopping,0.0015652863
short,0.00068401045
shot,2.8074488e-05
shots,0.0
should,5.6678724e-05
should ve,0.0
shoulder,0.0
shouldn,0.00014847968
shouting,0.0
show,0.0
showed,0.00020278692
shower,0.0
showing,0.0
shows,0.0
shut,0.00027567495
shut fuck,0.0004717304
shut up,0.0009092592
shy,0.0
sick,6.269127e-05
side,9.566242e-05
sides,0.0
sighs,0.0
sight,9.1023576e-05
sign,2.3452425e-05
signal,0.00019583461
signed,0.0
signs,0.0
silence,0.0
silent,0.0
silly,0.0
silver,0.0
simple,0.0013901268
simply,0.0
since,0.0
sing,0.00023758897
singing,0.00043958117
single,3.8742e-05
sink,0.0
sir,0.00022157804
sir it,0.0
sir you,0.0
sister,0.0007953331
sisters,0.0
sit,0.00049428694
sit down,0.00060355
site,0.0
sitting,0.00023142289
situation,0.0002397328
six,0.0
size,0.0
skills,0.0
skin,0.0
sky,8.444291e-05
sleep,0.00014125125
sleeping,0.0
slept,0.00036050292
slip,0.0
slow,0.00034540368
slow down,0.00010455672
slowly,0.0
small,0.00012702703
smart,0.0002148905
smell,3.941937e-05
smells,0.0
smile,0.00017989692
smiling,0.0
smoke,0.0012724217
smoking,0.00017512981
smooth,0.0
snap,0.0
snow,0.00073405774
so don,0.0
so it,6.8696485e-05
so know,0.00026748527
so think,0.0
so uh,7.164569e-05
so what,0.0
so yeah,0.0003217505
so you,0.0
social,0.0008666772
society,0.0
soft,0.0
sold,0.0
soldier,0.0
soldiers,0.0
solid,0.0
solve,2.1303125e-05
some,0.00013935062
somebody,0.00076794566
somebody else,0.0
someday,0.0
somehow,0.0
someone,0.00065003836
someplace,0.0
somethin,0.00019317506
something,0.00033531836
something don,0.0
something it,0.001080285
something no,0.0
sometime,0.0
sometimes,0.00047747916
somewhere,4.0673876e-06
son,8.8491244e-05
son bitch,0.0
song,4.0452553e-05
songs,0.0
sons,0.0
soon,0.00039430772
sooner,0.0
sorry,0.0005521515
sorry can,0.0
sorry didn,0.0
sorry don,0.00010014703
sorry it,0.0
sorry know,0.0
sorry late,0.0
sorry no,0.0
sorry sir,0.0
sorry sorry,0.0
sorry that,0.0
sorry you,0.0
sort,0.0007139559
sort of,0.0
soul,0.0008688563
sound,0.0026834933
sound like,0.0
sounded,0.0
sounds,0.0
sounds like,0.0
soup,0.0
source,0.0
south,7.837422e-05
space,0.0
spanish,0.0
spare,0.00010181213
speak,0.00042523645
speaking,8.6324406e-05
speaks,0.0
special,0.00020257768
specific,0.0
speech,0.0
speed,0.0
spell,0.0003797069
spend,0.00043036015
spend time,0.00019907944
spending,0.0
spent,0.0
spirit,0.00017859765
spit,0.0001147208
split,0.00025510535
spoke,0.000119689095
spoken,0.00057759904
sports,0.0
spot,0.00016493117
spread,0.00020153586
spring,0.0006344575
square,0.0
st,0.0
staff,0.0
stage,9.543407e-05
stairs,0.0
stand,0.000544112
stand up,0.0
standard,6.604546e-05
standing,4.4943496e-05
stands,0.0005225285
star,0.0
staring,0.0
stars,3.481373e-05
start,0.00018880951
started,0.00035954636
starting,0.0
starts,0.00010622728
starving,0.0
state,0.0
statement,0.0
states,0.0
station,0.0011302215
stay,0.00030337257
stay away,0.00019524778
stay here,0.0
stay there,0.0
stayed,0.00027220199
staying,0.0
stays,0.00011823384
steady,0.0
steal,0.00030257556
stealing,0.0
step,0.00049227994
steps,0.0002215182
stick,4.2046788e-05
still,0.00011512823
stock,0.0
stole,0.00041726156
stolen,0.0
stomach,0.0
stone,0.0
stood,0.0
stop it,6.928851e-05
stop stop,6.006188e-05
stop that,0.0
stop you,0.0
stopped,0.0005172305
stopping,0.0
stops,0.000102174075
store,0.0
stories,0.00033050583
storm,0.0
story,0.00034059494
straight,0.00021026957
strange,0.000467827
stranger,0.0
street,0.00011340082
streets,0.0
strength,7.548755e-05
stress,0.0
strike,0.0
strip,0.0
strong,0.000116526615
stronger,4.5404817e-05
stuck,0.0
student,0.0001700541
students,0.0
study,0.0
studying,0.0
stuff,0.00027672198
stuff like,0.0
stupid,0.000777122
style,0.0
subject,0.001815681
success,0.0
successful,0.0
suck,0.0
sucks,0.00056015805
sudden,0.0003354613
suddenly,0.00010135402
suffer,0.0
suffering,0.0
sugar,0.0
suggest,0.0
suicide,0.00019342428
suit,0.00020905866
suits,0.0
summer,0.0
sun,0.0012043617
sunday,0.0
super,4.583361e-05
support,0.0006514088
suppose,0.0025114815
supposed,0.00012513396
supposed do,0.0
sure don,0.0
sure he,0.0
sure it,0.0
sure know,0.0
sure that,0.0
sure yeah,0.0
sure you,4.6554214e-05
surely,0.00082422385
surprise,0.00031701248
surprised,0.0
surrounded,0.0
survive,0.0002322552
suspect,6.017736e-05
swear,9.9294426e-05
swear god,0.0
sweat,0.0
sweet,0.00040454115
sweetheart,3.3276247e-05
sweetie,0.0
swim,0.00089780986
swimming,0.0
swing,0.0
switch,0.0
system,0.00052689086
table,0.00018211249
tail,0.00020056167
take,0.0
taken,0.0
takes,0.00020732639
taking,0.00043499208
talent,0.00043220908
talk,0.00023312106
talk about,0.0
talk her,0.0
talk him,0.00026291222
talk it,0.0
talk later,0.0
talk like,0.0
talk me,0.00029902102
talk you,0.0
talked,7.5218355e-05
talkin,0.0
talking,0.00042337098
talking about,0.00073156774
talking you,0.00019608249
talks,0.0
tall,0.00046308918
tank,0.0
tape,0.00022372375
target,0.0
taste,0.0
taught,0.0
taxi,0.0
tea,0.0008929348
teach,0.0
teacher,0.0
teaching,0.0
team,6.513258e-05
tear,0.0013838203
tears,0.0
technically,0.0
teeth,0.0001913779
telephone,0.0
television,0.0
tell her,0.0
tell him,0.0
tell it,0.0
tell me,7.264511e-05
tell something,0.0
tell story,0.00014295847
tell that,0.0
tell them,0.0
tell this,0.0
tell truth,0.0
tell us,0.0
tell what,0.0
tell you,0.0006476033
telling,0.0004420297
telling you,0.0
tells,0.0
ten,0.0
term,0.0
terms,0.00088034646
terrible,0.0
terrific,0.0
test,7.4763055e-05
than,0.0
thank coming,0.0
thank god,0.0
thank much,0.00015727805
thank you,0.00016191276
thanks,0.00029440588
thanks lot,0.00014015897
thanks you,0.0
that all,0.000715979
that bad,0.0015723117
that better,0.0
that big,0.0
that can,0.0
that come,0.0
that cool,0.0
that didn,0.0
that do,0.0
that don,0.00015514476
that enough,0.0009521278
that exactly,0.0
that fine,0.0
that funny,0.00053430354
that going,0.0
that gonna,0.0
that good,0.00033946178
that got,0.0
that great,0.00010524229
that he,0.0
that hey,0.0
that him,0.0
that is,0.0
that it,0.00027812875
that kind,0.00012557948
that know,0.00036128453
that let,0.0
that like,0.0
that little,0.0
that ll,0.00036004386
that look,4.8713136e-05
that man,0.0
that me,0.0
that mean,0.0
that need,0.00089944195
that nice,0.00013578743
that no,0.00012221918
that oh,0.0
that okay,7.444949e-05
that point,0.0
that pretty,0.0
that problem,0.0
that real,0.0
that right,0.00012819687
that said,0.0
that sorry,0.0
that sure,0.0010945355
that that,0.00046903582
that there,0.0
that they,0.0
that thing,0.0
that think,0.0005411726
that thought,0.0
that time,0.0
that true,0.00067089585
that uh,0.0
that ve,0.0
that want,4.13698e-05
that wanted,0.0
that way,9.43941e-05
that we,4.4927627e-05
that well,0.0
that what,0.0
that why,0.0
that yeah,0.00024973584
that yes,0.000342322
that you,0.0
the,6.650277e-05
them don,0.00050722866
them it,0.0
them they,0.0
them you,0.0017798849
themselves,0.00018844954
then,0.0006174208
theory,0.0
there come,0.00044760873
there don,8.853977e-05
there going,0.0
there gonna,0.0
there good,0.0
there got,0.0005423687
there he,0.0
there here,0.0
there it,0.000101989404
there know,0.0
there like,0.0
there little,0.0
there ll,0.00013918114
there lot,0.0
there man,0.0
there need,0.0
there no,0.00013171425
there oh,0.00014254589
there okay,0.00011828857
there right,0.0
there that,7.111072e-05
there there,0.0
there thing,0.0
there time,0.0
there want,0.0
there way,0.00017500589
there we,0.00059571204
there what,0.0
there wrong,0.0
there yeah,0.0
there you,0.0
these,0.0011343323
they ll,0.0006504876
they re,0.00043261627
they ve,0.00056634215
thick,0.0
thief,0.0
thin,0.0
thing do,0.0
thing don,0.0
thing is,0.0
thing it,0.0
thing know,0.0
thing that,0.0
thing you,0.0
things don,0.00057174894
things like,9.51051e-05
things you,0.0009976651
think are,0.0
think better,0.0
think don,0.0
think going,0.0003305148
think gonna,0.0
think got,0.0
think he,0.00034607563
think is,0.0010394811
think it,0.0010846845
think know,3.9047707e-05
think like,0.0
think ll,0.0
think maybe,0.0
think need,0.00013541117
think she,0.0
think so,0.0007370208
think that,0.00012268146
think there,0.0007534979
think they,0.0
think think,0.0
think ve,9.486731e-05
think want,0.0
think we,8.041364e-05
think you,0.0009357804
thinking,0.00016227849
thinks,0.00020927799
thirty,0.0
this come,0.0
this don,0.0
this it,0.00046326593
this know,0.0
this ll,0.0
this no,0.0
this oh,0.000677697
this okay,0.0
this right,0.00088216225
this that,0.0
this this,0.0
this we,0.000679425
this what,0.0
this yeah,0.00013550933
this you,0.0017119207
those,0.0
though,0.000501726
thought gonna,0.000117740376
thought it,0.0
thought maybe,0.0
thought said,0.0
thought that,0.00084969867
thought you,0.0
thoughts,0.0
thousand,0.0002688494
thousands,0.0
threat,0.00070483686
three,0.00017797193
three four,0.0
three two,0.0
threw,0.0003237852
throat,0.00046730236
through,0.0
throw,0.0018967518
throwing,0.0004696118
thrown,0.0
thursday,0.0
ticket,0.0
tickets,0.0021994303
tie,0.0
tied,0.0
tight,0.00010138395
till,0.00023423384
time ago,0.0
time come,0.0
time don,0.0
time got,0.0
time it,0.0013602729
time know,0.0
time right,0.0006756937
time saw,0.0
time that,0.0
time think,0.0
time time,0.0
time we,0.0
time yeah,0.0
time you,0.00021462028
times,7.295669e-05
tiny,0.0
tip,0.0
tired,9.561481e-05
to,0.0003396175
to don,0.0
to know,0.0
toast,0.0
today,0.0007274521
together,9.9212855e-05
toilet,0.0
told,7.75394e-05
told me,0.0
told that,0.0015315786
told you,0.00018874367
tom,0.0005460667
tomorrow,0.0005116203
tomorrow morning,0.0011439048
tomorrow night,0.0
tone,0.0
tongue,0.0
tonight,6.177364e-05
too,0.0004546821
too know,0.0
took,0.0005422323
top,0.0
total,0.0003985257
totally,0.00018993614
touch,6.714597e-05
touch me,0.00086025934
touched,0.0
touching,0.0
tough,6.0959588e-05
tour,0.0
town,2.3127463e-05
track,0.0005083766
trade,7.4722004e-05
traffic,0.0
train,0.00081472704
trained,0.0
training,0.0018014102
trap,0.0
trapped,0.0
trash,0.0013977969
travel,0.0
traveling,0.0
treat,0.00016497595
treated,0.0
treatment,0.0
tree,0.00019780178
trees,0.00070716057
trial,0.0
trick,0.0
tricks,0.0
tried,4.0831546e-05
trigger,0.0
trip,0.0
trouble,0.0006827487
truck,1.0000009e-05
true,0.00038273822
truly,0.0
trust,0.0005073528
trust me,0.002780815
trust you,0.0010039323
trusted,0.00037404237
truth,0.00061088963
try,0.00073773065
try again,9.52869e-05
try it,0.0
trying,0.0006771869
trying help,0.00019120783
tuesday,0.0
turn,0.000106346044
turn around,0.0015503204
turned,0.00030074496
turning,0.0010135724
turns,0.0
tv,0.00018125167
twenty,0.0
twice,0.0
two,0.00013111283
two one,0.0
two three,0.0
type,0.0008396636
ugh,0.0
ugly,0.0
uh,6.445022e-05
uh don,0.0
uh huh,0.0002021807
uh it,0.00014960105
uh no,0.0003792983
uh oh,0.00021917078
uh uh,0.0
uh yeah,0.0
um,0.00078186643
unbelievable,8.3910665e-05
uncle,0.0005378093
under,0.0
underneath,0.0
understand,0.00029382476
understand it,0.0
understand me,0.0006675074
understand that,0.0008569616
understand you,0.0
understanding,0.0
understood,0.0
unfortunately,0.0
uniform,0.0018232639
union,0.0
unit,0.0007045765
united,0.0004627297
united states,0.0
universe,0.00018478281
university,0.0
unusual,0.0
up come,0.0
up don,0.00056672475
up got,0.00025403884
up he,0.0
up hey,0.0
up it,0.0
up know,0.0
up let,0.0
up man,0.0
up no,0.0
up oh,0.0
up okay,0.00089447055
up right,0.0
up that,0.0
up up,0.0
up we,0.0
up what,0.0
up yeah,0.0
up you,0.0
upset,0.0
upstairs,0.0
us don,0.00189037
us it,0.0
us we,0.0
us you,0.0
use,4.6701957e-06
use it,0.0
useless,0.0
usual,0.0
usually,0.0
vacation,0.0
value,0.0
van,0.0013937549
ve been,0.0
ve come,0.0
ve done,0.0
ve found,0.0
ve given,0.0
ve gone,0.00015370292
ve got,0.00038586606
ve gotta,0.0013846672
ve heard,0.0
ve known,0.0006804918
ve looking,0.0
ve lost,0.00022774441
ve met,0.0
ve said,0.0019452497
ve seen,0.0003854141
ve taken,0.0
ve thinking,0.0
ve told,0.0002992422
ve trying,0.0
ve waiting,0.0
ve wanted,0.0
vehicle,0.0
very,0.0
victim,0.0007574273
victory,0.00063191925
video,0.00021355487
view,0.00018723962
village,6.0287606e-05
violence,0.0
violent,0.0
vision,0.00078488025
visit,0.0003693134
voice,4.2459953e-05
vote,0.0
wait,0.00054628955
wait here,0.0
wait me,0.0
wait minute,0.00019198756
wait second,0.0
wait till,0.0
wait wait,0.00070708775
wait what,0.0
wait you,0.0
waited,0.00013281273
waiting,0.0001910152
waiting for,0.0
waiting you,0.0005176306
wake,0.0
wake up,0.00012336622
walk,0.00036412035
walk away,0.00024236346
walked,0.0
walking,0.00081276585
walks,0.0
wall,0.0
walls,0.0
wanna,0.00027526153
wanna come,0.0
wanna hear,0.0
wanna know,0.0
wanna talk,0.00026956436
want come,0.0
want do,0.0
want go,0.0
want hear,0.0
want help,0.0
want it,0.0
want know,0.00016800813
want leave,0.0
want look,0.0
want me,0.0
want meet,1.9980169e-05
want stay,0.0
want talk,0.0
want tell,0.00022478915
want that,0.0013794777
want this,0.0
want to,7.662258e-05
want want,0.00023062846
want you,0.000116248935
wanted,0.00052298716
wanted know,0.00035126574
wanted to,0.0
wanting,0.0
wants,0.0007032976
war,0.00039300285
warm,0.0007513186
warn,0.00052364013
warned,0.0
warning,0.0005749617
was,0.00019955098
wash,4.601687e-05
washington,0.00080218934
wasn,8.34169e-05
wasn it,0.0
waste,0.0010195237
waste time,0.0002842538
wasted,0.0
wasting,0.0
watch,0.0004893031
watch it,0.0
watch out,0.0
watched,0.0
watching,0.00081764365
water,0.0004159879
wave,0.0
way don,0.00023010175
way go,0.0
way here,0.0012044513
way it,0.0
way out,0.0
way way,0.0
way you,0.0
ways,0.0014130921
we like,0.0
we ll,0.00017359422
we ve,0.00012421145
weak,0.0006805368
weapon,0.0
weapons,0.0
wear,0.0005169172
wearing,0.0
weather,0.0
wedding,0.00030559566
week,0.0004811149
weekend,0.0
weeks,0.0
weeks ago,0.0
weight,0.00065894704
weird,0.0004634019
welcome,0.0007762434
well can,0.0
well come,0.0
well didn,0.0
well don,0.0014836282
well good,0.0
well got,0.00013125912
well guess,0.0
well he,0.0
well it,0.00015716419
well know,5.2307638e-05
well let,0.0013423791
well like,0.0
well ll,0.0
well look,0.00013822145
well maybe,0.00052278064
well sure,0.0
well tell,0.0
well thank,0.0003978652
well that,0.0002911877
well then,0.0
well there,1.9035439e-05
well think,0.0
well ve,0.0
well want,0.0
well we,0.0
well well,0.0
well what,0.0
well yeah,0.0
well you,0.0007625098
went,0.0005428185
were,0.0006673536
weren,0.00029318326
west,0.0
wet,0.00011800712
what can,0.0
what come,0.0
what do,0.0
what doing,0.0
what don,8.583227e-05
what going,0.0004174471
what gonna,0.00033506486
what got,0.0
what happened,0.0
what happening,0.00018183891
what here,0.0
what it,0.0010724885
what know,0.0
what like,0.0
what ll,0.0
what matter,0.0010029023
what mean,0.0
what name,0.00032915556
what no,0.0
what oh,0.0002900163
what problem,0.00016318077
what say,0.0
what that,5.8267236e-05
what there,0.0
what think,7.5069416e-05
what this,0.0007179905
what up,0.00020318494
what want,0.0
what we,0.0
what well,0.0
what what,0.0010724197
what wrong,0.0008299002
what yeah,0.0
what you,0.0006703972
whatever,0.00039959635
wheel,0.0
when,0.00018631315
where,0.00074050046
which,0.000108097025
while,0.00019515895
whispering,0.0
white,6.365328e-05
who,0.00026359028
who gonna,0.0
who that,0.0
whoa,0.0013269718
whoa whoa,6.686396e-05
whoo,0.00012962286
whore,0.0
why,0.001284007
why don,0.0
why it,0.0
wide,0.0
wife,0.0
wild,0.0010615836
will,0.00030245222
willing,0.0009098144
win,0.00045701317
wind,9.5362615e-05
window,8.16239e-05
windows,0.0
wine,0.0026042731
wing,0.0
wings,0.0
winner,0.0
winning,0.0
wins,0.00043107974
winter,0.0
wipe,0.0
wire,0.0
wise,0.0017849813
wish,0.00015918318
with,0.00031526064
witness,0.0
woke,0.0
woman,0.00015519191
women,0.0
won,0.0006379721
won let,0.0
wonder,0.0
wondered,0.0002451289
wonderful,0.00061502756
wondering,0.00032597344
wood,0.00025435098
woods,0.0
word,0.0005226932
words,0.00018584554
wore,0.0
work here,0.00095492235
work it,0.0
work out,0.0
work you,0.0005819879
worked,0.0
working,0.000311199
works,0.00031513613
world,0.00047273838
worried,0.0
worries,0.0
worry,0.00023694833
worry about,0.00025389652
worry it,0.0013784764
worse,3.4607765e-05
worst,0.0012651276
worth,0.001453318
worth it,0.00081959413
would,0.00095013727
would ve,0.00015005833
wouldn,0.00054791546
wouldn know,0.0
wouldn want,0.00042814214
wound,0.0
wow,0.00063358544
wrap,0.0
write,0.00065682706
writing,0.00061065634
written,0.0
wrong,0.00046572363
wrong it,0.0
wrong you,0.00046087801
wrote,0.0
ya,0.0
yard,0.0
yeah,0.00035904263
yeah can,0.0
yeah come,0.00033304252
yeah course,0.0
yeah didn,0.0
yeah do,0.0
yeah don,0.00026392902
yeah fine,0.0
yeah gonna,0.0
yeah good,0.0009470479
yeah got,0.00039745416
yeah guess,0.0
yeah he,0.000103561564
yeah hey,0.00016503119
yeah is,0.0
yeah it,1.7121421e-05
yeah know,0.000117386626
yeah let,0.00030861373
yeah like,0.000379944
yeah ll,0.0002130856
yeah look,0.0
yeah maybe,0.00021672586
yeah mean,0.0
yeah no,0.0
yeah oh,0.0001620758
yeah okay,0.0
yeah right,0.0005179841
yeah she,0.001487606
yeah so,0.0
yeah sorry,0.0
yeah sure,0.0
yeah thanks,0.0
yeah that,0.00011102371
yeah there,0.0
yeah they,0.0
yeah think,0.00031518165
yeah ve,0.0
yeah want,0.0
yeah we,0.0
yeah well,0.0005080054
yeah what,0.0011578627
yeah yeah,0.00037000378
yeah you,0.0005319627
year,0.0
year old,0.0
years,0.00024788082
years ago,0.00015932253
years old,0.0007341022
yelling,0.0
yellow,0.00087029254
yep,0.0
yes are,0.00016713793
yes course,0.00019918809
yes did,0.00015121761
yes do,0.0012785052
yes don,0.0
yes good,0.0
yes is,0.0
yes it,4.255415e-05
yes know,0.0
yes ma,0.0
yes no,0.0003525353
yes oh,0.0
yes okay,0.0
yes right,0.0
yes sir,8.2332066e-05
yes thank,0.0
yes that,0.0004407532
yes we,0.0
yes well,0.00012230997
yes yes,0.00017063163
yes you,0.0
yesterday,0.0006732263
yet,9.8936194e-05
yo,0.0
york,0.0
you and,0.0
you baby,0.0
you better,0.00037487538
you but,5.693432e-05
you bye,0.0
you can,0.0
you come,0.00030629378
you didn,0.00039746778
you do,0.0003813405
you don,0.00010407268
you fuck,3.2767388e-05
you go,0.00084008835
you god,0.0
you going,0.0021436948
you gonna,0.0
you good,0.0011302592
you got,0.00080450106
you great,2.6736518e-05
you he,0.00043332845
you hello,0.0
you here,0.0
you hey,0.0
you hi,0.0
you it,0.00021522105
you know,0.00047378943
you let,3.0485253e-05
you like,0.00035173455
you listen,0.0
you little,0.0
you ll,8.7711975e-05
you look,0.0002107475
you love,0.00011423581
you man,0.0
you maybe,0.0
you me,0.0
you mean,0.0
you miss,0.0
you mr,0.0005402308
you need,0.0
you nice,0.0
you no,9.242996e-05
you now,0.0003509284
you oh,0.0
you okay,0.00072064565
you please,0.0
you right,0.00011265504
you said,0.0
you she,0.0
you sir,0.00019720668
you so,0.0009425745
you son,0.0013651643
you sorry,0.0
you stop,0.0
you sure,0.0
you tell,0.0
you thank,1.685757e-05
you thanks,0.0
you that,0.0
you there,0.0
you they,0.0013539179
you think,0.0007286705
you thought,0.0
you time,0.0
you too,7.4129624e-05
you uh,0.0
you ve,0.0
you wait,8.304073e-05
you wanna,0.0005430416
you want,0.0
you we,0.0
you well,0.0
you what,0.0004823515
you won,0.00015195642
you yeah,0.00027188208
you yes,0.00030320958
you you,0.00053166243
young,0.0003613426
young lady,0.00011961168
young man,0.0006840762
younger,0.0008496529
your,0.00017999622
yours,0.00027340936
yourself,0.00046399518
yourselves,0.0
yup,0.0
zero,0.0
zone,0.0
